country,country_code,partner,product_sector,product_sector_code,indicator,year,value,unit,source
Algeria,Dza,World,Agricultural Products,Ag,Merchandise Imports By Product Group � Annual,2015,10760.831537,Million Us Dollar,wto
Algeria,Dza,World,Agricultural Products,Ag,Merchandise Imports By Product Group � Annual,2016,9630.079658,Million Us Dollar,wto
Algeria,Dza,World,Agricultural Products,Ag,Merchandise Imports By Product Group � Annual,2017,9806.631192,Million Us Dollar,wto
Algeria,Dza,World,Agricultural Products,Ag,Merchandise Imports By Product Group � Annual,2018,8395.841837,Million Us Dollar,wto
Algeria,Dza,World,Agricultural Products,Ag,Merchandise Imports By Product Group � Annual,2019,8840.518,Million Us Dollar,wto
Algeria,Dza,World,Agricultural Products,Ag,Merchandise Imports By Product Group � Annual,2020,8943.665,Million Us Dollar,wto
Algeria,Dza,World,Agricultural Products,Ag,Merchandise Imports By Product Group � Annual,2021,10292.005601,Million Us Dollar,wto
Algeria,Dza,World,Agricultural Products,Ag,Merchandise Imports By Product Group � Annual,2022,12437.892307,Million Us Dollar,wto
Algeria,Dza,World,Agricultural Products,Ag,Merchandise Imports By Product Group � Annual,2023,11458.638878,Million Us Dollar,wto
Algeria,Dza,World,Agricultural Products,Ag,Merchandise Imports By Product Group � Annual,2024,11623.640704,Million Us Dollar,wto
Algeria,Dza,World,Food,Agfo,Merchandise Imports By Product Group � Annual,2015,10005.771167,Million Us Dollar,wto
Algeria,Dza,World,Food,Agfo,Merchandise Imports By Product Group � Annual,2016,8960.493623,Million Us Dollar,wto
Algeria,Dza,World,Food,Agfo,Merchandise Imports By Product Group � Annual,2017,9316.544478,Million Us Dollar,wto
Algeria,Dza,World,Food,Agfo,Merchandise Imports By Product Group � Annual,2018,7713.525398,Million Us Dollar,wto
Algeria,Dza,World,Food,Agfo,Merchandise Imports By Product Group � Annual,2019,8247.338,Million Us Dollar,wto
Algeria,Dza,World,Food,Agfo,Merchandise Imports By Product Group � Annual,2020,8436.079,Million Us Dollar,wto
Algeria,Dza,World,Food,Agfo,Merchandise Imports By Product Group � Annual,2021,9737.282193,Million Us Dollar,wto
Algeria,Dza,World,Food,Agfo,Merchandise Imports By Product Group � Annual,2022,11770.247546,Million Us Dollar,wto
Algeria,Dza,World,Food,Agfo,Merchandise Imports By Product Group � Annual,2023,10736.579945,Million Us Dollar,wto
Algeria,Dza,World,Food,Agfo,Merchandise Imports By Product Group � Annual,2024,10977.229527,Million Us Dollar,wto
Algeria,Dza,World,Manufactures,Ma,Merchandise Imports By Product Group � Annual,2015,37804.881848,Million Us Dollar,wto
Algeria,Dza,World,Manufactures,Ma,Merchandise Imports By Product Group � Annual,2016,35136.194796,Million Us Dollar,wto
Algeria,Dza,World,Manufactures,Ma,Merchandise Imports By Product Group � Annual,2017,33602.751793,Million Us Dollar,wto
Algeria,Dza,World,Manufactures,Ma,Merchandise Imports By Product Group � Annual,2018,30677.132411,Million Us Dollar,wto
Algeria,Dza,World,Manufactures,Ma,Merchandise Imports By Product Group � Annual,2019,29964.528,Million Us Dollar,wto
Algeria,Dza,World,Manufactures,Ma,Merchandise Imports By Product Group � Annual,2020,22580.153,Million Us Dollar,wto
Algeria,Dza,World,Manufactures,Ma,Merchandise Imports By Product Group � Annual,2021,23212.831288,Million Us Dollar,wto
Algeria,Dza,World,Manufactures,Ma,Merchandise Imports By Product Group � Annual,2022,24132.744975,Million Us Dollar,wto
Algeria,Dza,World,Manufactures,Ma,Merchandise Imports By Product Group � Annual,2023,29557.092643,Million Us Dollar,wto
Algeria,Dza,World,Manufactures,Ma,Merchandise Imports By Product Group � Annual,2024,31837.995117,Million Us Dollar,wto
Algeria,Dza,World,Chemicals,Mach,Merchandise Imports By Product Group � Annual,2015,6170.102977,Million Us Dollar,wto
Algeria,Dza,World,Chemicals,Mach,Merchandise Imports By Product Group � Annual,2016,6112.65733,Million Us Dollar,wto
Algeria,Dza,World,Chemicals,Mach,Merchandise Imports By Product Group � Annual,2017,5962.265981,Million Us Dollar,wto
Algeria,Dza,World,Chemicals,Mach,Merchandise Imports By Product Group � Annual,2018,5350.055653,Million Us Dollar,wto
Algeria,Dza,World,Chemicals,Mach,Merchandise Imports By Product Group � Annual,2019,5738.59,Million Us Dollar,wto
Algeria,Dza,World,Chemicals,Mach,Merchandise Imports By Product Group � Annual,2020,5283.175,Million Us Dollar,wto
Algeria,Dza,World,Chemicals,Mach,Merchandise Imports By Product Group � Annual,2021,5736.033408,Million Us Dollar,wto
Algeria,Dza,World,Chemicals,Mach,Merchandise Imports By Product Group � Annual,2022,6606.248464,Million Us Dollar,wto
Algeria,Dza,World,Chemicals,Mach,Merchandise Imports By Product Group � Annual,2023,6816.538362,Million Us Dollar,wto
Algeria,Dza,World,Chemicals,Mach,Merchandise Imports By Product Group � Annual,2024,7153.623703,Million Us Dollar,wto
Algeria,Dza,World,Pharmaceuticals,Machph,Merchandise Imports By Product Group � Annual,2015,2076.077031,Million Us Dollar,wto
Algeria,Dza,World,Pharmaceuticals,Machph,Merchandise Imports By Product Group � Annual,2016,2119.034653,Million Us Dollar,wto
Algeria,Dza,World,Pharmaceuticals,Machph,Merchandise Imports By Product Group � Annual,2017,2022.243942,Million Us Dollar,wto
Algeria,Dza,World,Pharmaceuticals,Machph,Merchandise Imports By Product Group � Annual,2018,1758.838796,Million Us Dollar,wto
Algeria,Dza,World,Pharmaceuticals,Machph,Merchandise Imports By Product Group � Annual,2019,1892.375,Million Us Dollar,wto
Algeria,Dza,World,Pharmaceuticals,Machph,Merchandise Imports By Product Group � Annual,2020,1784.688,Million Us Dollar,wto
Algeria,Dza,World,Pharmaceuticals,Machph,Merchandise Imports By Product Group � Annual,2021,1904.260284,Million Us Dollar,wto
Algeria,Dza,World,Pharmaceuticals,Machph,Merchandise Imports By Product Group � Annual,2022,1583.860153,Million Us Dollar,wto
Algeria,Dza,World,Pharmaceuticals,Machph,Merchandise Imports By Product Group � Annual,2023,1845.919656,Million Us Dollar,wto
Algeria,Dza,World,Pharmaceuticals,Machph,Merchandise Imports By Product Group � Annual,2024,1893.605006,Million Us Dollar,wto
Algeria,Dza,World,Clothing,Macl,Merchandise Imports By Product Group � Annual,2015,423.809143,Million Us Dollar,wto
Algeria,Dza,World,Clothing,Macl,Merchandise Imports By Product Group � Annual,2016,468.743222,Million Us Dollar,wto
Algeria,Dza,World,Clothing,Macl,Merchandise Imports By Product Group � Annual,2017,512.147427,Million Us Dollar,wto
Algeria,Dza,World,Clothing,Macl,Merchandise Imports By Product Group � Annual,2018,752.524182,Million Us Dollar,wto
Algeria,Dza,World,Clothing,Macl,Merchandise Imports By Product Group � Annual,2019,885.152,Million Us Dollar,wto
Algeria,Dza,World,Clothing,Macl,Merchandise Imports By Product Group � Annual,2020,659.518,Million Us Dollar,wto
Algeria,Dza,World,Clothing,Macl,Merchandise Imports By Product Group � Annual,2021,761.109627,Million Us Dollar,wto
Algeria,Dza,World,Clothing,Macl,Merchandise Imports By Product Group � Annual,2022,712.930509,Million Us Dollar,wto
Algeria,Dza,World,Clothing,Macl,Merchandise Imports By Product Group � Annual,2023,938.159427,Million Us Dollar,wto
Algeria,Dza,World,Clothing,Macl,Merchandise Imports By Product Group � Annual,2024,879.954002,Million Us Dollar,wto
Algeria,Dza,World,Iron And Steel,Mais,Merchandise Imports By Product Group � Annual,2015,4321.006411,Million Us Dollar,wto
Algeria,Dza,World,Iron And Steel,Mais,Merchandise Imports By Product Group � Annual,2016,3851.820906,Million Us Dollar,wto
Algeria,Dza,World,Iron And Steel,Mais,Merchandise Imports By Product Group � Annual,2017,3718.181979,Million Us Dollar,wto
Algeria,Dza,World,Iron And Steel,Mais,Merchandise Imports By Product Group � Annual,2018,2282.707876,Million Us Dollar,wto
Algeria,Dza,World,Iron And Steel,Mais,Merchandise Imports By Product Group � Annual,2019,2769.52,Million Us Dollar,wto
Algeria,Dza,World,Iron And Steel,Mais,Merchandise Imports By Product Group � Annual,2020,1770.112,Million Us Dollar,wto
Algeria,Dza,World,Iron And Steel,Mais,Merchandise Imports By Product Group � Annual,2021,1434.995685,Million Us Dollar,wto
Algeria,Dza,World,Iron And Steel,Mais,Merchandise Imports By Product Group � Annual,2022,1856.567925,Million Us Dollar,wto
Algeria,Dza,World,Iron And Steel,Mais,Merchandise Imports By Product Group � Annual,2023,1588.680031,Million Us Dollar,wto
Algeria,Dza,World,Iron And Steel,Mais,Merchandise Imports By Product Group � Annual,2024,1736.566708,Million Us Dollar,wto
Algeria,Dza,World,Machinery And Transport Equipment,Mamt,Merchandise Imports By Product Group � Annual,2015,19508.013064,Million Us Dollar,wto
Algeria,Dza,World,Machinery And Transport Equipment,Mamt,Merchandise Imports By Product Group � Annual,2016,17184.731276,Million Us Dollar,wto
Algeria,Dza,World,Machinery And Transport Equipment,Mamt,Merchandise Imports By Product Group � Annual,2017,16446.635164,Million Us Dollar,wto
Algeria,Dza,World,Machinery And Transport Equipment,Mamt,Merchandise Imports By Product Group � Annual,2018,15028.343941,Million Us Dollar,wto
Algeria,Dza,World,Machinery And Transport Equipment,Mamt,Merchandise Imports By Product Group � Annual,2019,13513.66,Million Us Dollar,wto
Algeria,Dza,World,Machinery And Transport Equipment,Mamt,Merchandise Imports By Product Group � Annual,2020,9011.842,Million Us Dollar,wto
Algeria,Dza,World,Machinery And Transport Equipment,Mamt,Merchandise Imports By Product Group � Annual,2021,9310.15941,Million Us Dollar,wto
Algeria,Dza,World,Machinery And Transport Equipment,Mamt,Merchandise Imports By Product Group � Annual,2022,8406.737025,Million Us Dollar,wto
Algeria,Dza,World,Machinery And Transport Equipment,Mamt,Merchandise Imports By Product Group � Annual,2023,12612.17283,Million Us Dollar,wto
Algeria,Dza,World,Machinery And Transport Equipment,Mamt,Merchandise Imports By Product Group � Annual,2024,14198.718003,Million Us Dollar,wto
Algeria,Dza,World,Automotive Products,Mamtau,Merchandise Imports By Product Group � Annual,2015,4661.348928,Million Us Dollar,wto
Algeria,Dza,World,Automotive Products,Mamtau,Merchandise Imports By Product Group � Annual,2016,3294.226691,Million Us Dollar,wto
Algeria,Dza,World,Automotive Products,Mamtau,Merchandise Imports By Product Group � Annual,2017,3319.318327,Million Us Dollar,wto
Algeria,Dza,World,Automotive Products,Mamtau,Merchandise Imports By Product Group � Annual,2018,4418.258686,Million Us Dollar,wto
Algeria,Dza,World,Automotive Products,Mamtau,Merchandise Imports By Product Group � Annual,2019,3744.743,Million Us Dollar,wto
Algeria,Dza,World,Automotive Products,Mamtau,Merchandise Imports By Product Group � Annual,2020,1814.743,Million Us Dollar,wto
Algeria,Dza,World,Automotive Products,Mamtau,Merchandise Imports By Product Group � Annual,2021,1829.754567,Million Us Dollar,wto
Algeria,Dza,World,Automotive Products,Mamtau,Merchandise Imports By Product Group � Annual,2022,1683.446334,Million Us Dollar,wto
Algeria,Dza,World,Automotive Products,Mamtau,Merchandise Imports By Product Group � Annual,2023,3495.742361,Million Us Dollar,wto
Algeria,Dza,World,Automotive Products,Mamtau,Merchandise Imports By Product Group � Annual,2024,3800.612224,Million Us Dollar,wto
Algeria,Dza,World,Office And Telecom Equipment,Mamtof,Merchandise Imports By Product Group � Annual,2015,2724.594273,Million Us Dollar,wto
Algeria,Dza,World,Office And Telecom Equipment,Mamtof,Merchandise Imports By Product Group � Annual,2016,2415.189442,Million Us Dollar,wto
Algeria,Dza,World,Office And Telecom Equipment,Mamtof,Merchandise Imports By Product Group � Annual,2017,2387.638921,Million Us Dollar,wto
Algeria,Dza,World,Office And Telecom Equipment,Mamtof,Merchandise Imports By Product Group � Annual,2018,1630.576266,Million Us Dollar,wto
Algeria,Dza,World,Office And Telecom Equipment,Mamtof,Merchandise Imports By Product Group � Annual,2019,1767.274,Million Us Dollar,wto
Algeria,Dza,World,Office And Telecom Equipment,Mamtof,Merchandise Imports By Product Group � Annual,2020,1220.135,Million Us Dollar,wto
Algeria,Dza,World,Office And Telecom Equipment,Mamtof,Merchandise Imports By Product Group � Annual,2021,1511.809906,Million Us Dollar,wto
Algeria,Dza,World,Office And Telecom Equipment,Mamtof,Merchandise Imports By Product Group � Annual,2022,992.182733,Million Us Dollar,wto
Algeria,Dza,World,Office And Telecom Equipment,Mamtof,Merchandise Imports By Product Group � Annual,2023,1180.486964,Million Us Dollar,wto
Algeria,Dza,World,Office And Telecom Equipment,Mamtof,Merchandise Imports By Product Group � Annual,2024,1438.887659,Million Us Dollar,wto
Algeria,Dza,World,Electronic Data Processing And Office Equipment,Mamtotep,Merchandise Imports By Product Group � Annual,2015,631.390846,Million Us Dollar,wto
Algeria,Dza,World,Electronic Data Processing And Office Equipment,Mamtotep,Merchandise Imports By Product Group � Annual,2016,459.277294,Million Us Dollar,wto
Algeria,Dza,World,Electronic Data Processing And Office Equipment,Mamtotep,Merchandise Imports By Product Group � Annual,2017,892.832145,Million Us Dollar,wto
Algeria,Dza,World,Electronic Data Processing And Office Equipment,Mamtotep,Merchandise Imports By Product Group � Annual,2018,361.495209,Million Us Dollar,wto
Algeria,Dza,World,Electronic Data Processing And Office Equipment,Mamtotep,Merchandise Imports By Product Group � Annual,2019,330.175,Million Us Dollar,wto
Algeria,Dza,World,Electronic Data Processing And Office Equipment,Mamtotep,Merchandise Imports By Product Group � Annual,2020,249.559,Million Us Dollar,wto
Algeria,Dza,World,Electronic Data Processing And Office Equipment,Mamtotep,Merchandise Imports By Product Group � Annual,2021,271.749967,Million Us Dollar,wto
Algeria,Dza,World,Electronic Data Processing And Office Equipment,Mamtotep,Merchandise Imports By Product Group � Annual,2022,243.776086,Million Us Dollar,wto
Algeria,Dza,World,Electronic Data Processing And Office Equipment,Mamtotep,Merchandise Imports By Product Group � Annual,2023,279.027313,Million Us Dollar,wto
Algeria,Dza,World,Electronic Data Processing And Office Equipment,Mamtotep,Merchandise Imports By Product Group � Annual,2024,365.050815,Million Us Dollar,wto
Algeria,Dza,World,Integrated Circuits And Electronic Components,Mamtotic,Merchandise Imports By Product Group � Annual,2015,295.233753,Million Us Dollar,wto
Algeria,Dza,World,Integrated Circuits And Electronic Components,Mamtotic,Merchandise Imports By Product Group � Annual,2016,124.066096,Million Us Dollar,wto
Algeria,Dza,World,Integrated Circuits And Electronic Components,Mamtotic,Merchandise Imports By Product Group � Annual,2017,139.326928,Million Us Dollar,wto
Algeria,Dza,World,Integrated Circuits And Electronic Components,Mamtotic,Merchandise Imports By Product Group � Annual,2018,22.286239,Million Us Dollar,wto
Algeria,Dza,World,Integrated Circuits And Electronic Components,Mamtotic,Merchandise Imports By Product Group � Annual,2019,29.312,Million Us Dollar,wto
Algeria,Dza,World,Integrated Circuits And Electronic Components,Mamtotic,Merchandise Imports By Product Group � Annual,2020,24.813,Million Us Dollar,wto
Algeria,Dza,World,Integrated Circuits And Electronic Components,Mamtotic,Merchandise Imports By Product Group � Annual,2021,28.077808,Million Us Dollar,wto
Algeria,Dza,World,Integrated Circuits And Electronic Components,Mamtotic,Merchandise Imports By Product Group � Annual,2022,23.767162,Million Us Dollar,wto
Algeria,Dza,World,Integrated Circuits And Electronic Components,Mamtotic,Merchandise Imports By Product Group � Annual,2023,41.620749,Million Us Dollar,wto
Algeria,Dza,World,Integrated Circuits And Electronic Components,Mamtotic,Merchandise Imports By Product Group � Annual,2024,77.136843,Million Us Dollar,wto
Algeria,Dza,World,Telecommunications Equipment,Mamtottl,Merchandise Imports By Product Group � Annual,2015,1797.969674,Million Us Dollar,wto
Algeria,Dza,World,Telecommunications Equipment,Mamtottl,Merchandise Imports By Product Group � Annual,2016,1831.846052,Million Us Dollar,wto
Algeria,Dza,World,Telecommunications Equipment,Mamtottl,Merchandise Imports By Product Group � Annual,2017,1355.479848,Million Us Dollar,wto
Algeria,Dza,World,Telecommunications Equipment,Mamtottl,Merchandise Imports By Product Group � Annual,2018,1246.794817,Million Us Dollar,wto
Algeria,Dza,World,Telecommunications Equipment,Mamtottl,Merchandise Imports By Product Group � Annual,2019,1407.787,Million Us Dollar,wto
Algeria,Dza,World,Telecommunications Equipment,Mamtottl,Merchandise Imports By Product Group � Annual,2020,945.763,Million Us Dollar,wto
Algeria,Dza,World,Telecommunications Equipment,Mamtottl,Merchandise Imports By Product Group � Annual,2021,1211.982131,Million Us Dollar,wto
Algeria,Dza,World,Telecommunications Equipment,Mamtottl,Merchandise Imports By Product Group � Annual,2022,724.639485,Million Us Dollar,wto
Algeria,Dza,World,Telecommunications Equipment,Mamtottl,Merchandise Imports By Product Group � Annual,2023,859.838902,Million Us Dollar,wto
Algeria,Dza,World,Telecommunications Equipment,Mamtottl,Merchandise Imports By Product Group � Annual,2024,996.700001,Million Us Dollar,wto
Algeria,Dza,World,Transport Equipment,Mamtte,Merchandise Imports By Product Group � Annual,2015,5457.820447,Million Us Dollar,wto
Algeria,Dza,World,Transport Equipment,Mamtte,Merchandise Imports By Product Group � Annual,2016,4533.313894,Million Us Dollar,wto
Algeria,Dza,World,Transport Equipment,Mamtte,Merchandise Imports By Product Group � Annual,2017,4622.948444,Million Us Dollar,wto
Algeria,Dza,World,Transport Equipment,Mamtte,Merchandise Imports By Product Group � Annual,2018,5993.601438,Million Us Dollar,wto
Algeria,Dza,World,Transport Equipment,Mamtte,Merchandise Imports By Product Group � Annual,2019,4504.52,Million Us Dollar,wto
Algeria,Dza,World,Transport Equipment,Mamtte,Merchandise Imports By Product Group � Annual,2020,2362.903,Million Us Dollar,wto
Algeria,Dza,World,Transport Equipment,Mamtte,Merchandise Imports By Product Group � Annual,2021,2444.405596,Million Us Dollar,wto
Algeria,Dza,World,Transport Equipment,Mamtte,Merchandise Imports By Product Group � Annual,2022,2310.758532,Million Us Dollar,wto
Algeria,Dza,World,Transport Equipment,Mamtte,Merchandise Imports By Product Group � Annual,2023,4102.498046,Million Us Dollar,wto
Algeria,Dza,World,Transport Equipment,Mamtte,Merchandise Imports By Product Group � Annual,2024,4268.976455,Million Us Dollar,wto
Algeria,Dza,World,Textiles,Mate,Merchandise Imports By Product Group � Annual,2015,633.329544,Million Us Dollar,wto
Algeria,Dza,World,Textiles,Mate,Merchandise Imports By Product Group � Annual,2016,627.792191,Million Us Dollar,wto
Algeria,Dza,World,Textiles,Mate,Merchandise Imports By Product Group � Annual,2017,637.118681,Million Us Dollar,wto
Algeria,Dza,World,Textiles,Mate,Merchandise Imports By Product Group � Annual,2018,968.332537,Million Us Dollar,wto
Algeria,Dza,World,Textiles,Mate,Merchandise Imports By Product Group � Annual,2019,1051.628,Million Us Dollar,wto
Algeria,Dza,World,Textiles,Mate,Merchandise Imports By Product Group � Annual,2020,886.006,Million Us Dollar,wto
Algeria,Dza,World,Textiles,Mate,Merchandise Imports By Product Group � Annual,2021,911.728186,Million Us Dollar,wto
Algeria,Dza,World,Textiles,Mate,Merchandise Imports By Product Group � Annual,2022,1045.24749,Million Us Dollar,wto
Algeria,Dza,World,Textiles,Mate,Merchandise Imports By Product Group � Annual,2023,1362.635567,Million Us Dollar,wto
Algeria,Dza,World,Textiles,Mate,Merchandise Imports By Product Group � Annual,2024,1404.059683,Million Us Dollar,wto
Algeria,Dza,World,Fuels And Mining Products,Mi,Merchandise Imports By Product Group � Annual,2015,3134.35695,Million Us Dollar,wto
Algeria,Dza,World,Fuels And Mining Products,Mi,Merchandise Imports By Product Group � Annual,2016,2321.253858,Million Us Dollar,wto
Algeria,Dza,World,Fuels And Mining Products,Mi,Merchandise Imports By Product Group � Annual,2017,2617.158196,Million Us Dollar,wto
Algeria,Dza,World,Fuels And Mining Products,Mi,Merchandise Imports By Product Group � Annual,2018,3589.660506,Million Us Dollar,wto
Algeria,Dza,World,Fuels And Mining Products,Mi,Merchandise Imports By Product Group � Annual,2019,3373.819,Million Us Dollar,wto
Algeria,Dza,World,Fuels And Mining Products,Mi,Merchandise Imports By Product Group � Annual,2020,1556.212,Million Us Dollar,wto
Algeria,Dza,World,Fuels And Mining Products,Mi,Merchandise Imports By Product Group � Annual,2021,2221.313208,Million Us Dollar,wto
Algeria,Dza,World,Fuels And Mining Products,Mi,Merchandise Imports By Product Group � Annual,2022,2152.693135,Million Us Dollar,wto
Algeria,Dza,World,Fuels And Mining Products,Mi,Merchandise Imports By Product Group � Annual,2023,1849.804426,Million Us Dollar,wto
Algeria,Dza,World,Fuels And Mining Products,Mi,Merchandise Imports By Product Group � Annual,2024,2042.49591,Million Us Dollar,wto
Algeria,Dza,World,Fuels,Mifu,Merchandise Imports By Product Group � Annual,2015,2339.109404,Million Us Dollar,wto
Algeria,Dza,World,Fuels,Mifu,Merchandise Imports By Product Group � Annual,2016,1561.756263,Million Us Dollar,wto
Algeria,Dza,World,Fuels,Mifu,Merchandise Imports By Product Group � Annual,2017,1938.005194,Million Us Dollar,wto
Algeria,Dza,World,Fuels,Mifu,Merchandise Imports By Product Group � Annual,2018,2902.451773,Million Us Dollar,wto
Algeria,Dza,World,Fuels,Mifu,Merchandise Imports By Product Group � Annual,2019,2501.557,Million Us Dollar,wto
Algeria,Dza,World,Fuels,Mifu,Merchandise Imports By Product Group � Annual,2020,683.086,Million Us Dollar,wto
Algeria,Dza,World,Fuels,Mifu,Merchandise Imports By Product Group � Annual,2021,686.947823,Million Us Dollar,wto
Algeria,Dza,World,Fuels,Mifu,Merchandise Imports By Product Group � Annual,2022,696.12826,Million Us Dollar,wto
Algeria,Dza,World,Fuels,Mifu,Merchandise Imports By Product Group � Annual,2023,585.961904,Million Us Dollar,wto
Algeria,Dza,World,Fuels,Mifu,Merchandise Imports By Product Group � Annual,2024,533.08464,Million Us Dollar,wto
Algeria,Dza,World,Total Merchandise,To,Merchandise Imports By Product Group � Annual,2015,51702.0,Million Us Dollar,wto
Algeria,Dza,World,Total Merchandise,To,Merchandise Imports By Product Group � Annual,2016,47089.0,Million Us Dollar,wto
Algeria,Dza,World,Total Merchandise,To,Merchandise Imports By Product Group � Annual,2017,46059.0,Million Us Dollar,wto
Algeria,Dza,World,Total Merchandise,To,Merchandise Imports By Product Group � Annual,2018,46330.21,Million Us Dollar,wto
Algeria,Dza,World,Total Merchandise,To,Merchandise Imports By Product Group � Annual,2019,44632.427299,Million Us Dollar,wto
Algeria,Dza,World,Total Merchandise,To,Merchandise Imports By Product Group � Annual,2020,35547.015545,Million Us Dollar,wto
Algeria,Dza,World,Total Merchandise,To,Merchandise Imports By Product Group � Annual,2021,37465.826004,Million Us Dollar,wto
Algeria,Dza,World,Total Merchandise,To,Merchandise Imports By Product Group � Annual,2022,38868.0,Million Us Dollar,wto
Algeria,Dza,World,Total Merchandise,To,Merchandise Imports By Product Group � Annual,2023,42842.0,Million Us Dollar,wto
Algeria,Dza,World,Total Merchandise,To,Merchandise Imports By Product Group � Annual,2024,45335.0,Million Us Dollar,wto
Algeria,Dza,World,Total Merchandise,To,Merchandise Imports By Product Group � Annual,2025,50100.0,Million Us Dollar,wto
Algeria,Dza,World,Agricultural Products,Ag,Merchandise Exports By Product Group � Annual,2015,247.058567,Million Us Dollar,wto
Algeria,Dza,World,Agricultural Products,Ag,Merchandise Exports By Product Group � Annual,2016,341.286284,Million Us Dollar,wto
Algeria,Dza,World,Agricultural Products,Ag,Merchandise Exports By Product Group � Annual,2017,370.117249,Million Us Dollar,wto
Algeria,Dza,World,Agricultural Products,Ag,Merchandise Exports By Product Group � Annual,2018,278.328361,Million Us Dollar,wto
Algeria,Dza,World,Agricultural Products,Ag,Merchandise Exports By Product Group � Annual,2019,304.59,Million Us Dollar,wto
Algeria,Dza,World,Agricultural Products,Ag,Merchandise Exports By Product Group � Annual,2020,382.395,Million Us Dollar,wto
Algeria,Dza,World,Agricultural Products,Ag,Merchandise Exports By Product Group � Annual,2021,494.665662,Million Us Dollar,wto
Algeria,Dza,World,Agricultural Products,Ag,Merchandise Exports By Product Group � Annual,2022,396.987017,Million Us Dollar,wto
Algeria,Dza,World,Agricultural Products,Ag,Merchandise Exports By Product Group � Annual,2023,334.763194,Million Us Dollar,wto
Algeria,Dza,World,Agricultural Products,Ag,Merchandise Exports By Product Group � Annual,2024,300.377507,Million Us Dollar,wto
Algeria,Dza,World,Food,Agfo,Merchandise Exports By Product Group � Annual,2015,237.275081,Million Us Dollar,wto
Algeria,Dza,World,Food,Agfo,Merchandise Exports By Product Group � Annual,2016,330.768786,Million Us Dollar,wto
Algeria,Dza,World,Food,Agfo,Merchandise Exports By Product Group � Annual,2017,352.325849,Million Us Dollar,wto
Algeria,Dza,World,Food,Agfo,Merchandise Exports By Product Group � Annual,2018,257.879166,Million Us Dollar,wto
Algeria,Dza,World,Food,Agfo,Merchandise Exports By Product Group � Annual,2019,285.424,Million Us Dollar,wto
Algeria,Dza,World,Food,Agfo,Merchandise Exports By Product Group � Annual,2020,367.276,Million Us Dollar,wto
Algeria,Dza,World,Food,Agfo,Merchandise Exports By Product Group � Annual,2021,453.615698,Million Us Dollar,wto
Algeria,Dza,World,Food,Agfo,Merchandise Exports By Product Group � Annual,2022,349.183809,Million Us Dollar,wto
Algeria,Dza,World,Food,Agfo,Merchandise Exports By Product Group � Annual,2023,299.745415,Million Us Dollar,wto
Algeria,Dza,World,Food,Agfo,Merchandise Exports By Product Group � Annual,2024,264.744336,Million Us Dollar,wto
Algeria,Dza,World,Manufactures,Ma,Merchandise Exports By Product Group � Annual,2015,1092.985423,Million Us Dollar,wto
Algeria,Dza,World,Manufactures,Ma,Merchandise Exports By Product Group � Annual,2016,989.513005,Million Us Dollar,wto
Algeria,Dza,World,Manufactures,Ma,Merchandise Exports By Product Group � Annual,2017,940.060833,Million Us Dollar,wto
Algeria,Dza,World,Manufactures,Ma,Merchandise Exports By Product Group � Annual,2018,1857.648489,Million Us Dollar,wto
Algeria,Dza,World,Manufactures,Ma,Merchandise Exports By Product Group � Annual,2019,1771.977,Million Us Dollar,wto
Algeria,Dza,World,Manufactures,Ma,Merchandise Exports By Product Group � Annual,2020,1685.627,Million Us Dollar,wto
Algeria,Dza,World,Manufactures,Ma,Merchandise Exports By Product Group � Annual,2021,3849.802866,Million Us Dollar,wto
Algeria,Dza,World,Manufactures,Ma,Merchandise Exports By Product Group � Annual,2022,6063.86575,Million Us Dollar,wto
Algeria,Dza,World,Manufactures,Ma,Merchandise Exports By Product Group � Annual,2023,4089.263135,Million Us Dollar,wto
Algeria,Dza,World,Manufactures,Ma,Merchandise Exports By Product Group � Annual,2024,3326.381668,Million Us Dollar,wto
Algeria,Dza,World,Chemicals,Mach,Merchandise Exports By Product Group � Annual,2015,1020.008772,Million Us Dollar,wto
Algeria,Dza,World,Chemicals,Mach,Merchandise Exports By Product Group � Annual,2016,886.710641,Million Us Dollar,wto
Algeria,Dza,World,Chemicals,Mach,Merchandise Exports By Product Group � Annual,2017,776.8115,Million Us Dollar,wto
Algeria,Dza,World,Chemicals,Mach,Merchandise Exports By Product Group � Annual,2018,1540.602582,Million Us Dollar,wto
Algeria,Dza,World,Chemicals,Mach,Merchandise Exports By Product Group � Annual,2019,1404.647,Million Us Dollar,wto
Algeria,Dza,World,Chemicals,Mach,Merchandise Exports By Product Group � Annual,2020,1378.982,Million Us Dollar,wto
Algeria,Dza,World,Chemicals,Mach,Merchandise Exports By Product Group � Annual,2021,2457.503329,Million Us Dollar,wto
Algeria,Dza,World,Chemicals,Mach,Merchandise Exports By Product Group � Annual,2022,4115.840388,Million Us Dollar,wto
Algeria,Dza,World,Chemicals,Mach,Merchandise Exports By Product Group � Annual,2023,2251.145026,Million Us Dollar,wto
Algeria,Dza,World,Chemicals,Mach,Merchandise Exports By Product Group � Annual,2024,1981.533261,Million Us Dollar,wto
Algeria,Dza,World,Pharmaceuticals,Machph,Merchandise Exports By Product Group � Annual,2015,2.48943,Million Us Dollar,wto
Algeria,Dza,World,Pharmaceuticals,Machph,Merchandise Exports By Product Group � Annual,2016,6.288486,Million Us Dollar,wto
Algeria,Dza,World,Pharmaceuticals,Machph,Merchandise Exports By Product Group � Annual,2017,5.198454,Million Us Dollar,wto
Algeria,Dza,World,Pharmaceuticals,Machph,Merchandise Exports By Product Group � Annual,2018,5.957492,Million Us Dollar,wto
Algeria,Dza,World,Pharmaceuticals,Machph,Merchandise Exports By Product Group � Annual,2019,3.588,Million Us Dollar,wto
Algeria,Dza,World,Pharmaceuticals,Machph,Merchandise Exports By Product Group � Annual,2020,1.604,Million Us Dollar,wto
Algeria,Dza,World,Pharmaceuticals,Machph,Merchandise Exports By Product Group � Annual,2021,2.972429,Million Us Dollar,wto
Algeria,Dza,World,Pharmaceuticals,Machph,Merchandise Exports By Product Group � Annual,2022,1.673663,Million Us Dollar,wto
Algeria,Dza,World,Pharmaceuticals,Machph,Merchandise Exports By Product Group � Annual,2023,6.029174,Million Us Dollar,wto
Algeria,Dza,World,Pharmaceuticals,Machph,Merchandise Exports By Product Group � Annual,2024,23.653084,Million Us Dollar,wto
Algeria,Dza,World,Clothing,Macl,Merchandise Exports By Product Group � Annual,2015,0.06952,Million Us Dollar,wto
Algeria,Dza,World,Clothing,Macl,Merchandise Exports By Product Group � Annual,2016,0.169306,Million Us Dollar,wto
Algeria,Dza,World,Clothing,Macl,Merchandise Exports By Product Group � Annual,2017,0.025402,Million Us Dollar,wto
Algeria,Dza,World,Clothing,Macl,Merchandise Exports By Product Group � Annual,2018,0.308139,Million Us Dollar,wto
Algeria,Dza,World,Clothing,Macl,Merchandise Exports By Product Group � Annual,2019,0.351,Million Us Dollar,wto
Algeria,Dza,World,Clothing,Macl,Merchandise Exports By Product Group � Annual,2020,3.771,Million Us Dollar,wto
Algeria,Dza,World,Clothing,Macl,Merchandise Exports By Product Group � Annual,2021,3.349127,Million Us Dollar,wto
Algeria,Dza,World,Clothing,Macl,Merchandise Exports By Product Group � Annual,2022,0.710758,Million Us Dollar,wto
Algeria,Dza,World,Clothing,Macl,Merchandise Exports By Product Group � Annual,2023,0.612567,Million Us Dollar,wto
Algeria,Dza,World,Clothing,Macl,Merchandise Exports By Product Group � Annual,2024,0.531847,Million Us Dollar,wto
Algeria,Dza,World,Iron And Steel,Mais,Merchandise Exports By Product Group � Annual,2015,5.307104,Million Us Dollar,wto
Algeria,Dza,World,Iron And Steel,Mais,Merchandise Exports By Product Group � Annual,2016,0.226708,Million Us Dollar,wto
Algeria,Dza,World,Iron And Steel,Mais,Merchandise Exports By Product Group � Annual,2017,9.607763,Million Us Dollar,wto
Algeria,Dza,World,Iron And Steel,Mais,Merchandise Exports By Product Group � Annual,2018,54.976264,Million Us Dollar,wto
Algeria,Dza,World,Iron And Steel,Mais,Merchandise Exports By Product Group � Annual,2019,121.056,Million Us Dollar,wto
Algeria,Dza,World,Iron And Steel,Mais,Merchandise Exports By Product Group � Annual,2020,55.575,Million Us Dollar,wto
Algeria,Dza,World,Iron And Steel,Mais,Merchandise Exports By Product Group � Annual,2021,905.252928,Million Us Dollar,wto
Algeria,Dza,World,Iron And Steel,Mais,Merchandise Exports By Product Group � Annual,2022,1056.62822,Million Us Dollar,wto
Algeria,Dza,World,Iron And Steel,Mais,Merchandise Exports By Product Group � Annual,2023,1149.012141,Million Us Dollar,wto
Algeria,Dza,World,Iron And Steel,Mais,Merchandise Exports By Product Group � Annual,2024,742.081503,Million Us Dollar,wto
Algeria,Dza,World,Machinery And Transport Equipment,Mamt,Merchandise Exports By Product Group � Annual,2015,17.681876,Million Us Dollar,wto
Algeria,Dza,World,Machinery And Transport Equipment,Mamt,Merchandise Exports By Product Group � Annual,2016,53.889917,Million Us Dollar,wto
Algeria,Dza,World,Machinery And Transport Equipment,Mamt,Merchandise Exports By Product Group � Annual,2017,80.982066,Million Us Dollar,wto
Algeria,Dza,World,Machinery And Transport Equipment,Mamt,Merchandise Exports By Product Group � Annual,2018,158.666073,Million Us Dollar,wto
Algeria,Dza,World,Machinery And Transport Equipment,Mamt,Merchandise Exports By Product Group � Annual,2019,105.28,Million Us Dollar,wto
Algeria,Dza,World,Machinery And Transport Equipment,Mamt,Merchandise Exports By Product Group � Annual,2020,102.757,Million Us Dollar,wto
Algeria,Dza,World,Machinery And Transport Equipment,Mamt,Merchandise Exports By Product Group � Annual,2021,116.741929,Million Us Dollar,wto
Algeria,Dza,World,Machinery And Transport Equipment,Mamt,Merchandise Exports By Product Group � Annual,2022,108.097684,Million Us Dollar,wto
Algeria,Dza,World,Machinery And Transport Equipment,Mamt,Merchandise Exports By Product Group � Annual,2023,75.582328,Million Us Dollar,wto
Algeria,Dza,World,Machinery And Transport Equipment,Mamt,Merchandise Exports By Product Group � Annual,2024,94.22028,Million Us Dollar,wto
Algeria,Dza,World,Automotive Products,Mamtau,Merchandise Exports By Product Group � Annual,2015,0.225588,Million Us Dollar,wto
Algeria,Dza,World,Automotive Products,Mamtau,Merchandise Exports By Product Group � Annual,2016,0.291738,Million Us Dollar,wto
Algeria,Dza,World,Automotive Products,Mamtau,Merchandise Exports By Product Group � Annual,2017,0.127646,Million Us Dollar,wto
Algeria,Dza,World,Automotive Products,Mamtau,Merchandise Exports By Product Group � Annual,2018,7.049777,Million Us Dollar,wto
Algeria,Dza,World,Automotive Products,Mamtau,Merchandise Exports By Product Group � Annual,2019,5.765,Million Us Dollar,wto
Algeria,Dza,World,Automotive Products,Mamtau,Merchandise Exports By Product Group � Annual,2020,6.412,Million Us Dollar,wto
Algeria,Dza,World,Automotive Products,Mamtau,Merchandise Exports By Product Group � Annual,2021,18.746174,Million Us Dollar,wto
Algeria,Dza,World,Automotive Products,Mamtau,Merchandise Exports By Product Group � Annual,2022,1.998019,Million Us Dollar,wto
Algeria,Dza,World,Automotive Products,Mamtau,Merchandise Exports By Product Group � Annual,2023,3.014802,Million Us Dollar,wto
Algeria,Dza,World,Automotive Products,Mamtau,Merchandise Exports By Product Group � Annual,2024,1.183478,Million Us Dollar,wto
Algeria,Dza,World,Office And Telecom Equipment,Mamtof,Merchandise Exports By Product Group � Annual,2015,0.633609,Million Us Dollar,wto
Algeria,Dza,World,Office And Telecom Equipment,Mamtof,Merchandise Exports By Product Group � Annual,2016,6.260199,Million Us Dollar,wto
Algeria,Dza,World,Office And Telecom Equipment,Mamtof,Merchandise Exports By Product Group � Annual,2017,13.329374,Million Us Dollar,wto
Algeria,Dza,World,Office And Telecom Equipment,Mamtof,Merchandise Exports By Product Group � Annual,2018,10.586829,Million Us Dollar,wto
Algeria,Dza,World,Office And Telecom Equipment,Mamtof,Merchandise Exports By Product Group � Annual,2019,13.797,Million Us Dollar,wto
Algeria,Dza,World,Office And Telecom Equipment,Mamtof,Merchandise Exports By Product Group � Annual,2020,5.727,Million Us Dollar,wto
Algeria,Dza,World,Office And Telecom Equipment,Mamtof,Merchandise Exports By Product Group � Annual,2021,5.831837,Million Us Dollar,wto
Algeria,Dza,World,Office And Telecom Equipment,Mamtof,Merchandise Exports By Product Group � Annual,2022,4.580578,Million Us Dollar,wto
Algeria,Dza,World,Office And Telecom Equipment,Mamtof,Merchandise Exports By Product Group � Annual,2023,5.006236,Million Us Dollar,wto
Algeria,Dza,World,Office And Telecom Equipment,Mamtof,Merchandise Exports By Product Group � Annual,2024,17.569381,Million Us Dollar,wto
Algeria,Dza,World,Electronic Data Processing And Office Equipment,Mamtotep,Merchandise Exports By Product Group � Annual,2015,0.120385,Million Us Dollar,wto
Algeria,Dza,World,Electronic Data Processing And Office Equipment,Mamtotep,Merchandise Exports By Product Group � Annual,2016,0.037507,Million Us Dollar,wto
Algeria,Dza,World,Electronic Data Processing And Office Equipment,Mamtotep,Merchandise Exports By Product Group � Annual,2017,0.99797,Million Us Dollar,wto
Algeria,Dza,World,Electronic Data Processing And Office Equipment,Mamtotep,Merchandise Exports By Product Group � Annual,2018,0.606144,Million Us Dollar,wto
Algeria,Dza,World,Electronic Data Processing And Office Equipment,Mamtotep,Merchandise Exports By Product Group � Annual,2019,0.394,Million Us Dollar,wto
Algeria,Dza,World,Electronic Data Processing And Office Equipment,Mamtotep,Merchandise Exports By Product Group � Annual,2020,0.447,Million Us Dollar,wto
Algeria,Dza,World,Electronic Data Processing And Office Equipment,Mamtotep,Merchandise Exports By Product Group � Annual,2021,0.760853,Million Us Dollar,wto
Algeria,Dza,World,Electronic Data Processing And Office Equipment,Mamtotep,Merchandise Exports By Product Group � Annual,2022,0.251815,Million Us Dollar,wto
Algeria,Dza,World,Electronic Data Processing And Office Equipment,Mamtotep,Merchandise Exports By Product Group � Annual,2023,1.39942,Million Us Dollar,wto
Algeria,Dza,World,Electronic Data Processing And Office Equipment,Mamtotep,Merchandise Exports By Product Group � Annual,2024,2.094225,Million Us Dollar,wto
Algeria,Dza,World,Integrated Circuits And Electronic Components,Mamtotic,Merchandise Exports By Product Group � Annual,2015,0.214564,Million Us Dollar,wto
Algeria,Dza,World,Integrated Circuits And Electronic Components,Mamtotic,Merchandise Exports By Product Group � Annual,2016,1.59792,Million Us Dollar,wto
Algeria,Dza,World,Integrated Circuits And Electronic Components,Mamtotic,Merchandise Exports By Product Group � Annual,2017,4.189683,Million Us Dollar,wto
Algeria,Dza,World,Integrated Circuits And Electronic Components,Mamtotic,Merchandise Exports By Product Group � Annual,2018,0.315435,Million Us Dollar,wto
Algeria,Dza,World,Integrated Circuits And Electronic Components,Mamtotic,Merchandise Exports By Product Group � Annual,2019,0.759,Million Us Dollar,wto
Algeria,Dza,World,Integrated Circuits And Electronic Components,Mamtotic,Merchandise Exports By Product Group � Annual,2020,0.427,Million Us Dollar,wto
Algeria,Dza,World,Integrated Circuits And Electronic Components,Mamtotic,Merchandise Exports By Product Group � Annual,2021,0.308336,Million Us Dollar,wto
Algeria,Dza,World,Integrated Circuits And Electronic Components,Mamtotic,Merchandise Exports By Product Group � Annual,2022,0.170649,Million Us Dollar,wto
Algeria,Dza,World,Integrated Circuits And Electronic Components,Mamtotic,Merchandise Exports By Product Group � Annual,2023,0.184038,Million Us Dollar,wto
Algeria,Dza,World,Integrated Circuits And Electronic Components,Mamtotic,Merchandise Exports By Product Group � Annual,2024,0.001004,Million Us Dollar,wto
Algeria,Dza,World,Telecommunications Equipment,Mamtottl,Merchandise Exports By Product Group � Annual,2015,0.29866,Million Us Dollar,wto
Algeria,Dza,World,Telecommunications Equipment,Mamtottl,Merchandise Exports By Product Group � Annual,2016,4.624772,Million Us Dollar,wto
Algeria,Dza,World,Telecommunications Equipment,Mamtottl,Merchandise Exports By Product Group � Annual,2017,8.141721,Million Us Dollar,wto
Algeria,Dza,World,Telecommunications Equipment,Mamtottl,Merchandise Exports By Product Group � Annual,2018,9.66525,Million Us Dollar,wto
Algeria,Dza,World,Telecommunications Equipment,Mamtottl,Merchandise Exports By Product Group � Annual,2019,12.643,Million Us Dollar,wto
Algeria,Dza,World,Telecommunications Equipment,Mamtottl,Merchandise Exports By Product Group � Annual,2020,4.853,Million Us Dollar,wto
Algeria,Dza,World,Telecommunications Equipment,Mamtottl,Merchandise Exports By Product Group � Annual,2021,4.762648,Million Us Dollar,wto
Algeria,Dza,World,Telecommunications Equipment,Mamtottl,Merchandise Exports By Product Group � Annual,2022,4.158114,Million Us Dollar,wto
Algeria,Dza,World,Telecommunications Equipment,Mamtottl,Merchandise Exports By Product Group � Annual,2023,3.422779,Million Us Dollar,wto
Algeria,Dza,World,Telecommunications Equipment,Mamtottl,Merchandise Exports By Product Group � Annual,2024,15.474152,Million Us Dollar,wto
Algeria,Dza,World,Transport Equipment,Mamtte,Merchandise Exports By Product Group � Annual,2015,11.01527,Million Us Dollar,wto
Algeria,Dza,World,Transport Equipment,Mamtte,Merchandise Exports By Product Group � Annual,2016,2.38148,Million Us Dollar,wto
Algeria,Dza,World,Transport Equipment,Mamtte,Merchandise Exports By Product Group � Annual,2017,21.081749,Million Us Dollar,wto
Algeria,Dza,World,Transport Equipment,Mamtte,Merchandise Exports By Product Group � Annual,2018,21.464234,Million Us Dollar,wto
Algeria,Dza,World,Transport Equipment,Mamtte,Merchandise Exports By Product Group � Annual,2019,20.784,Million Us Dollar,wto
Algeria,Dza,World,Transport Equipment,Mamtte,Merchandise Exports By Product Group � Annual,2020,36.974,Million Us Dollar,wto
Algeria,Dza,World,Transport Equipment,Mamtte,Merchandise Exports By Product Group � Annual,2021,23.50592,Million Us Dollar,wto
Algeria,Dza,World,Transport Equipment,Mamtte,Merchandise Exports By Product Group � Annual,2022,10.206344,Million Us Dollar,wto
Algeria,Dza,World,Transport Equipment,Mamtte,Merchandise Exports By Product Group � Annual,2023,5.767012,Million Us Dollar,wto
Algeria,Dza,World,Transport Equipment,Mamtte,Merchandise Exports By Product Group � Annual,2024,10.725518,Million Us Dollar,wto
Algeria,Dza,World,Textiles,Mate,Merchandise Exports By Product Group � Annual,2015,1.167396,Million Us Dollar,wto
Algeria,Dza,World,Textiles,Mate,Merchandise Exports By Product Group � Annual,2016,0.610806,Million Us Dollar,wto
Algeria,Dza,World,Textiles,Mate,Merchandise Exports By Product Group � Annual,2017,1.182276,Million Us Dollar,wto
Algeria,Dza,World,Textiles,Mate,Merchandise Exports By Product Group � Annual,2018,3.194409,Million Us Dollar,wto
Algeria,Dza,World,Textiles,Mate,Merchandise Exports By Product Group � Annual,2019,7.322,Million Us Dollar,wto
Algeria,Dza,World,Textiles,Mate,Merchandise Exports By Product Group � Annual,2020,19.429,Million Us Dollar,wto
Algeria,Dza,World,Textiles,Mate,Merchandise Exports By Product Group � Annual,2021,10.522401,Million Us Dollar,wto
Algeria,Dza,World,Textiles,Mate,Merchandise Exports By Product Group � Annual,2022,9.091272,Million Us Dollar,wto
Algeria,Dza,World,Textiles,Mate,Merchandise Exports By Product Group � Annual,2023,5.496687,Million Us Dollar,wto
Algeria,Dza,World,Textiles,Mate,Merchandise Exports By Product Group � Annual,2024,11.160456,Million Us Dollar,wto
Algeria,Dza,World,Fuels And Mining Products,Mi,Merchandise Exports By Product Group � Annual,2015,33325.9075,Million Us Dollar,wto
Algeria,Dza,World,Fuels And Mining Products,Mi,Merchandise Exports By Product Group � Annual,2016,28661.302181,Million Us Dollar,wto
Algeria,Dza,World,Fuels And Mining Products,Mi,Merchandise Exports By Product Group � Annual,2017,33880.809328,Million Us Dollar,wto
Algeria,Dza,World,Fuels And Mining Products,Mi,Merchandise Exports By Product Group � Annual,2018,39602.579175,Million Us Dollar,wto
Algeria,Dza,World,Fuels And Mining Products,Mi,Merchandise Exports By Product Group � Annual,2019,33176.059,Million Us Dollar,wto
Algeria,Dza,World,Fuels And Mining Products,Mi,Merchandise Exports By Product Group � Annual,2020,19846.537,Million Us Dollar,wto
Algeria,Dza,World,Fuels And Mining Products,Mi,Merchandise Exports By Product Group � Annual,2021,34258.634937,Million Us Dollar,wto
Algeria,Dza,World,Fuels And Mining Products,Mi,Merchandise Exports By Product Group � Annual,2022,59177.715288,Million Us Dollar,wto
Algeria,Dza,World,Fuels And Mining Products,Mi,Merchandise Exports By Product Group � Annual,2023,51043.799489,Million Us Dollar,wto
Algeria,Dza,World,Fuels And Mining Products,Mi,Merchandise Exports By Product Group � Annual,2024,45489.908093,Million Us Dollar,wto
Algeria,Dza,World,Fuels,Mifu,Merchandise Exports By Product Group � Annual,2015,33218.366568,Million Us Dollar,wto
Algeria,Dza,World,Fuels,Mifu,Merchandise Exports By Product Group � Annual,2016,28585.789555,Million Us Dollar,wto
Algeria,Dza,World,Fuels,Mifu,Merchandise Exports By Product Group � Annual,2017,33822.732721,Million Us Dollar,wto
Algeria,Dza,World,Fuels,Mifu,Merchandise Exports By Product Group � Annual,2018,39480.774345,Million Us Dollar,wto
Algeria,Dza,World,Fuels,Mifu,Merchandise Exports By Product Group � Annual,2019,33047.947,Million Us Dollar,wto
Algeria,Dza,World,Fuels,Mifu,Merchandise Exports By Product Group � Annual,2020,19759.391,Million Us Dollar,wto
Algeria,Dza,World,Fuels,Mifu,Merchandise Exports By Product Group � Annual,2021,34103.229015,Million Us Dollar,wto
Algeria,Dza,World,Fuels,Mifu,Merchandise Exports By Product Group � Annual,2022,58837.638011,Million Us Dollar,wto
Algeria,Dza,World,Fuels,Mifu,Merchandise Exports By Product Group � Annual,2023,50619.203263,Million Us Dollar,wto
Algeria,Dza,World,Fuels,Mifu,Merchandise Exports By Product Group � Annual,2024,45116.739061,Million Us Dollar,wto
Algeria,Dza,World,Total Merchandise,To,Merchandise Exports By Product Group � Annual,2015,34668.0,Million Us Dollar,wto
Algeria,Dza,World,Total Merchandise,To,Merchandise Exports By Product Group � Annual,2016,30026.0,Million Us Dollar,wto
Algeria,Dza,World,Total Merchandise,To,Merchandise Exports By Product Group � Annual,2017,35191.0,Million Us Dollar,wto
Algeria,Dza,World,Total Merchandise,To,Merchandise Exports By Product Group � Annual,2018,41797.0,Million Us Dollar,wto
Algeria,Dza,World,Total Merchandise,To,Merchandise Exports By Product Group � Annual,2019,35312.258216,Million Us Dollar,wto
Algeria,Dza,World,Total Merchandise,To,Merchandise Exports By Product Group � Annual,2020,21931.988059,Million Us Dollar,wto
Algeria,Dza,World,Total Merchandise,To,Merchandise Exports By Product Group � Annual,2021,38636.906171,Million Us Dollar,wto
Algeria,Dza,World,Total Merchandise,To,Merchandise Exports By Product Group � Annual,2022,65715.0,Million Us Dollar,wto
Algeria,Dza,World,Total Merchandise,To,Merchandise Exports By Product Group � Annual,2023,55555.0,Million Us Dollar,wto
Algeria,Dza,World,Total Merchandise,To,Merchandise Exports By Product Group � Annual,2024,49067.0,Million Us Dollar,wto
Algeria,Dza,World,Total Merchandise,To,Merchandise Exports By Product Group � Annual,2025,45400.0,Million Us Dollar,wto
Algeria,Dza,World,Total Merchandise,To,Total Merchandise Imports - Quarterly,2015,13263.365953,Million Us Dollar,wto
Algeria,Dza,World,Total Merchandise,To,Total Merchandise Imports - Quarterly,2016,11619.324373,Million Us Dollar,wto
Algeria,Dza,World,Total Merchandise,To,Total Merchandise Imports - Quarterly,2017,11920.0,Million Us Dollar,wto
Algeria,Dza,World,Total Merchandise,To,Total Merchandise Imports - Quarterly,2018,11249.44,Million Us Dollar,wto
Algeria,Dza,World,Total Merchandise,To,Total Merchandise Imports - Quarterly,2019,12577.367235,Million Us Dollar,wto
Algeria,Dza,World,Total Merchandise,To,Total Merchandise Imports - Quarterly,2020,9906.174796,Million Us Dollar,wto
Algeria,Dza,World,Total Merchandise,To,Total Merchandise Imports - Quarterly,2021,9439.57181,Million Us Dollar,wto
Algeria,Dza,World,Total Merchandise,To,Total Merchandise Imports - Quarterly,2022,9694.0,Million Us Dollar,wto
Algeria,Dza,World,Total Merchandise,To,Total Merchandise Imports - Quarterly,2023,10021.0,Million Us Dollar,wto
Algeria,Dza,World,Total Merchandise,To,Total Merchandise Imports - Quarterly,2024,10664.0,Million Us Dollar,wto
Algeria,Dza,World,Total Merchandise,To,Total Merchandise Imports - Quarterly,2025,11600.0,Million Us Dollar,wto
Algeria,Dza,World,Total Merchandise,To,Total Merchandise Imports - Quarterly,2025,12700.0,Million Us Dollar,wto
Algeria,Dza,World,Total Merchandise,To,Total Merchandise Imports - Quarterly,2024,10801.0,Million Us Dollar,wto
Algeria,Dza,World,Total Merchandise,To,Total Merchandise Imports - Quarterly,2023,10676.0,Million Us Dollar,wto
Algeria,Dza,World,Total Merchandise,To,Total Merchandise Imports - Quarterly,2022,9974.0,Million Us Dollar,wto
Algeria,Dza,World,Total Merchandise,To,Total Merchandise Imports - Quarterly,2021,9502.69107,Million Us Dollar,wto
Algeria,Dza,World,Total Merchandise,To,Total Merchandise Imports - Quarterly,2020,8064.097216,Million Us Dollar,wto
Algeria,Dza,World,Total Merchandise,To,Total Merchandise Imports - Quarterly,2017,12041.826113,Million Us Dollar,wto
Algeria,Dza,World,Total Merchandise,To,Total Merchandise Imports - Quarterly,2018,11814.56,Million Us Dollar,wto
Algeria,Dza,World,Total Merchandise,To,Total Merchandise Imports - Quarterly,2019,11481.129117,Million Us Dollar,wto
Algeria,Dza,World,Total Merchandise,To,Total Merchandise Imports - Quarterly,2016,12071.802833,Million Us Dollar,wto
Algeria,Dza,World,Total Merchandise,To,Total Merchandise Imports - Quarterly,2015,14173.351586,Million Us Dollar,wto
Algeria,Dza,World,Total Merchandise,To,Total Merchandise Imports - Quarterly,2015,12106.112497,Million Us Dollar,wto
Algeria,Dza,World,Total Merchandise,To,Total Merchandise Imports - Quarterly,2016,11664.672994,Million Us Dollar,wto
Algeria,Dza,World,Total Merchandise,To,Total Merchandise Imports - Quarterly,2019,10373.780683,Million Us Dollar,wto
Algeria,Dza,World,Total Merchandise,To,Total Merchandise Imports - Quarterly,2018,10639.0,Million Us Dollar,wto
Algeria,Dza,World,Total Merchandise,To,Total Merchandise Imports - Quarterly,2017,10262.173887,Million Us Dollar,wto
Algeria,Dza,World,Total Merchandise,To,Total Merchandise Imports - Quarterly,2020,8773.587432,Million Us Dollar,wto
Algeria,Dza,World,Total Merchandise,To,Total Merchandise Imports - Quarterly,2021,9028.0,Million Us Dollar,wto
Algeria,Dza,World,Total Merchandise,To,Total Merchandise Imports - Quarterly,2022,9192.0,Million Us Dollar,wto
Algeria,Dza,World,Total Merchandise,To,Total Merchandise Imports - Quarterly,2023,10550.0,Million Us Dollar,wto
Algeria,Dza,World,Total Merchandise,To,Total Merchandise Imports - Quarterly,2024,11411.0,Million Us Dollar,wto
Algeria,Dza,World,Total Merchandise,To,Total Merchandise Imports - Quarterly,2025,11300.0,Million Us Dollar,wto
Algeria,Dza,World,Total Merchandise,To,Total Merchandise Imports - Quarterly,2025,14500.0,Million Us Dollar,wto
Algeria,Dza,World,Total Merchandise,To,Total Merchandise Imports - Quarterly,2024,12459.0,Million Us Dollar,wto
Algeria,Dza,World,Total Merchandise,To,Total Merchandise Imports - Quarterly,2023,11595.0,Million Us Dollar,wto
Algeria,Dza,World,Total Merchandise,To,Total Merchandise Imports - Quarterly,2022,10008.0,Million Us Dollar,wto
Algeria,Dza,World,Total Merchandise,To,Total Merchandise Imports - Quarterly,2021,9495.0,Million Us Dollar,wto
Algeria,Dza,World,Total Merchandise,To,Total Merchandise Imports - Quarterly,2020,8803.156101,Million Us Dollar,wto
Algeria,Dza,World,Total Merchandise,To,Total Merchandise Imports - Quarterly,2018,12627.21,Million Us Dollar,wto
Algeria,Dza,World,Total Merchandise,To,Total Merchandise Imports - Quarterly,2019,10200.150264,Million Us Dollar,wto
Algeria,Dza,World,Total Merchandise,To,Total Merchandise Imports - Quarterly,2016,11733.199799,Million Us Dollar,wto
Algeria,Dza,World,Total Merchandise,To,Total Merchandise Imports - Quarterly,2017,11835.0,Million Us Dollar,wto
Algeria,Dza,World,Total Merchandise,To,Total Merchandise Imports - Quarterly,2015,12159.169965,Million Us Dollar,wto
Algeria,Dza,World,Total Merchandise,To,Total Merchandise Exports - Quarterly,2025,11900.0,Million Us Dollar,wto
Algeria,Dza,World,Total Merchandise,To,Total Merchandise Exports - Quarterly,2016,6127.957512,Million Us Dollar,wto
Algeria,Dza,World,Total Merchandise,To,Total Merchandise Exports - Quarterly,2017,8938.0,Million Us Dollar,wto
Algeria,Dza,World,Total Merchandise,To,Total Merchandise Exports - Quarterly,2018,10019.62,Million Us Dollar,wto
Algeria,Dza,World,Total Merchandise,To,Total Merchandise Exports - Quarterly,2019,9411.812602,Million Us Dollar,wto
Algeria,Dza,World,Total Merchandise,To,Total Merchandise Exports - Quarterly,2020,6783.102081,Million Us Dollar,wto
Algeria,Dza,World,Total Merchandise,To,Total Merchandise Exports - Quarterly,2021,7721.680335,Million Us Dollar,wto
Algeria,Dza,World,Total Merchandise,To,Total Merchandise Exports - Quarterly,2022,13276.0,Million Us Dollar,wto
Algeria,Dza,World,Total Merchandise,To,Total Merchandise Exports - Quarterly,2023,13867.0,Million Us Dollar,wto
Algeria,Dza,World,Total Merchandise,To,Total Merchandise Exports - Quarterly,2024,12062.0,Million Us Dollar,wto
Algeria,Dza,World,Total Merchandise,To,Total Merchandise Exports - Quarterly,2015,9096.489667,Million Us Dollar,wto
Algeria,Dza,World,Total Merchandise,To,Total Merchandise Exports - Quarterly,2015,9902.264702,Million Us Dollar,wto
Algeria,Dza,World,Total Merchandise,To,Total Merchandise Exports - Quarterly,2024,12866.0,Million Us Dollar,wto
Algeria,Dza,World,Total Merchandise,To,Total Merchandise Exports - Quarterly,2023,13038.0,Million Us Dollar,wto
Algeria,Dza,World,Total Merchandise,To,Total Merchandise Exports - Quarterly,2022,17031.0,Million Us Dollar,wto
Algeria,Dza,World,Total Merchandise,To,Total Merchandise Exports - Quarterly,2021,9551.053975,Million Us Dollar,wto
Algeria,Dza,World,Total Merchandise,To,Total Merchandise Exports - Quarterly,2020,4321.696656,Million Us Dollar,wto
Algeria,Dza,World,Total Merchandise,To,Total Merchandise Exports - Quarterly,2019,8513.586522,Million Us Dollar,wto
Algeria,Dza,World,Total Merchandise,To,Total Merchandise Exports - Quarterly,2017,9015.0,Million Us Dollar,wto
Algeria,Dza,World,Total Merchandise,To,Total Merchandise Exports - Quarterly,2016,7293.838115,Million Us Dollar,wto
Algeria,Dza,World,Total Merchandise,To,Total Merchandise Exports - Quarterly,2025,11900.0,Million Us Dollar,wto
Algeria,Dza,World,Total Merchandise,To,Total Merchandise Exports - Quarterly,2018,10256.951429,Million Us Dollar,wto
Algeria,Dza,World,Total Merchandise,To,Total Merchandise Exports - Quarterly,2018,9735.428571,Million Us Dollar,wto
Algeria,Dza,World,Total Merchandise,To,Total Merchandise Exports - Quarterly,2025,11100.0,Million Us Dollar,wto
Algeria,Dza,World,Total Merchandise,To,Total Merchandise Exports - Quarterly,2017,7744.0,Million Us Dollar,wto
Algeria,Dza,World,Total Merchandise,To,Total Merchandise Exports - Quarterly,2019,8335.107909,Million Us Dollar,wto
Algeria,Dza,World,Total Merchandise,To,Total Merchandise Exports - Quarterly,2020,5135.705775,Million Us Dollar,wto
Algeria,Dza,World,Total Merchandise,To,Total Merchandise Exports - Quarterly,2021,9907.0,Million Us Dollar,wto
Algeria,Dza,World,Total Merchandise,To,Total Merchandise Exports - Quarterly,2022,17602.0,Million Us Dollar,wto
Algeria,Dza,World,Total Merchandise,To,Total Merchandise Exports - Quarterly,2023,14379.0,Million Us Dollar,wto
Algeria,Dza,World,Total Merchandise,To,Total Merchandise Exports - Quarterly,2024,11688.0,Million Us Dollar,wto
Algeria,Dza,World,Total Merchandise,To,Total Merchandise Exports - Quarterly,2016,7518.513023,Million Us Dollar,wto
Algeria,Dza,World,Total Merchandise,To,Total Merchandise Exports - Quarterly,2015,7835.717981,Million Us Dollar,wto
Algeria,Dza,World,Total Merchandise,To,Total Merchandise Exports - Quarterly,2015,7833.527651,Million Us Dollar,wto
Algeria,Dza,World,Total Merchandise,To,Total Merchandise Exports - Quarterly,2016,9085.69135,Million Us Dollar,wto
Algeria,Dza,World,Total Merchandise,To,Total Merchandise Exports - Quarterly,2024,12451.0,Million Us Dollar,wto
Algeria,Dza,World,Total Merchandise,To,Total Merchandise Exports - Quarterly,2023,14271.0,Million Us Dollar,wto
Algeria,Dza,World,Total Merchandise,To,Total Merchandise Exports - Quarterly,2022,17806.0,Million Us Dollar,wto
Algeria,Dza,World,Total Merchandise,To,Total Merchandise Exports - Quarterly,2021,11452.0,Million Us Dollar,wto
Algeria,Dza,World,Total Merchandise,To,Total Merchandise Exports - Quarterly,2020,5691.483547,Million Us Dollar,wto
Algeria,Dza,World,Total Merchandise,To,Total Merchandise Exports - Quarterly,2019,9062.762236,Million Us Dollar,wto
Algeria,Dza,World,Total Merchandise,To,Total Merchandise Exports - Quarterly,2018,11785.0,Million Us Dollar,wto
Algeria,Dza,World,Total Merchandise,To,Total Merchandise Exports - Quarterly,2017,9494.0,Million Us Dollar,wto
Algeria,Dza,World,Total Merchandise,To,Total Merchandise Exports - Quarterly,2025,10500.0,Million Us Dollar,wto
